monitoring_location_id,time_series_id,site_name,block_index,block_start,block_end,cadence_hours,phase_cases,median_occupation_width_fraction,median_deficit_width_fraction_nonnegative,median_deficit_width_fraction_reduction,occupation_containment_failures,deficit_containment_failures,median_occupation_width_fraction_k1,median_occupation_width_fraction_increase,median_deficit_width_fraction_k1,median_deficit_width_fraction_increase,k1_nesting_failures
USGS-01491000,79480fea74964d81bf3822a6a66ee1c7,"CHOPTANK RIVER NEAR GREENSBORO, MD",0,2024-06-01 00:00:00+00:00,2024-06-08 00:00:00+00:00,0.5,2,0.4649130621025578,0.07743456870006724,0.0,0,0,0.46744132518250614,0.0025282630799483286,0.07930252783574646,0.0018679591356792272,0
USGS-01491000,79480fea74964d81bf3822a6a66ee1c7,"CHOPTANK RIVER NEAR GREENSBORO, MD",0,2024-06-01 00:00:00+00:00,2024-06-08 00:00:00+00:00,1.0,4,0.7325244451705302,0.3566022727385345,0.0006852838200745726,0,0,0.7350640570848148,0.002539611914284534,0.36116499838275384,0.0045574059735627725,0
USGS-01491000,79480fea74964d81bf3822a6a66ee1c7,"CHOPTANK RIVER NEAR GREENSBORO, MD",0,2024-06-01 00:00:00+00:00,2024-06-08 00:00:00+00:00,2.0,8,0.8663690414598875,0.6770319032074228,0.3155300461315381,0,0,0.8688935366365864,0.002554910781237929,0.6818239903296297,0.004836081121629143,0
USGS-01491000,79480fea74964d81bf3822a6a66ee1c7,"CHOPTANK RIVER NEAR GREENSBORO, MD",0,2024-06-01 00:00:00+00:00,2024-06-08 00:00:00+00:00,4.0,16,0.9334318329778226,0.8387632638515905,1.4628185149206052,0,0,0.9359486315228858,0.0024937086501545247,0.8435890518875373,0.004802698141038175,0
USGS-01491000,79480fea74964d81bf3822a6a66ee1c7,"CHOPTANK RIVER NEAR GREENSBORO, MD",1,2024-06-18 16:00:00+00:00,2024-06-25 16:00:00+00:00,0.5,2,0.65927227711379,0.1706005891820943,0.0,0,0,0.6622068009047433,0.0029345237909533806,0.17250480839773025,0.001904219215635966,0
USGS-01491000,79480fea74964d81bf3822a6a66ee1c7,"CHOPTANK RIVER NEAR GREENSBORO, MD",1,2024-06-18 16:00:00+00:00,2024-06-25 16:00:00+00:00,1.0,4,0.8298686768493111,0.4597218979196981,0.012791566849324115,0,0,0.8327710904656365,0.002902413616325261,0.46430909472012083,0.004582330631893727,0
USGS-01491000,79480fea74964d81bf3822a6a66ee1c7,"CHOPTANK RIVER NEAR GREENSBORO, MD",1,2024-06-18 16:00:00+00:00,2024-06-25 16:00:00+00:00,2.0,8,0.9150720282272384,0.7290941522807499,0.38981576243771726,0,0,0.9179919262629392,0.002919898035700641,0.7339398034550924,0.004850680611807767,0
USGS-01491000,79480fea74964d81bf3822a6a66ee1c7,"CHOPTANK RIVER NEAR GREENSBORO, MD",1,2024-06-18 16:00:00+00:00,2024-06-25 16:00:00+00:00,4.0,16,0.9577224024219193,0.8648419147574273,1.5686866779750142,0,0,0.960585549390615,0.0028631469686957733,0.8696593904312073,0.004817475673779714,0
USGS-01491000,79480fea74964d81bf3822a6a66ee1c7,"CHOPTANK RIVER NEAR GREENSBORO, MD",2,2024-06-25 16:15:00+00:00,2024-07-02 16:15:00+00:00,0.5,2,0.652649860288407,0.1733344304675838,0.0,0,0,0.6559465257249286,0.003296665436521684,0.17525533496577755,0.0019209044981937373,0
USGS-01491000,79480fea74964d81bf3822a6a66ee1c7,"CHOPTANK RIVER NEAR GREENSBORO, MD",2,2024-06-25 16:15:00+00:00,2024-07-02 16:15:00+00:00,1.0,4,0.8253347353407745,0.45515547362834313,0.0136207890624985,0,0,0.8289973049042327,0.003673367233161584,0.46005101256762065,0.004906129971859491,0
USGS-01491000,79480fea74964d81bf3822a6a66ee1c7,"CHOPTANK RIVER NEAR GREENSBORO, MD",2,2024-06-25 16:15:00+00:00,2024-07-02 16:15:00+00:00,2.0,8,0.9129505398106749,0.725489436046148,0.3866490397507214,0,0,0.9166004123553005,0.0036498725446257874,0.7310842344229913,0.005589361587531982,0
USGS-01491000,79480fea74964d81bf3822a6a66ee1c7,"CHOPTANK RIVER NEAR GREENSBORO, MD",2,2024-06-25 16:15:00+00:00,2024-07-02 16:15:00+00:00,4.0,16,0.9570989752593803,0.8635147075980671,1.563850535137155,0,0,0.9603546504415261,0.0035558438159607464,0.8688554002904808,0.005571668607818714,0
USGS-01491000,79480fea74964d81bf3822a6a66ee1c7,"CHOPTANK RIVER NEAR GREENSBORO, MD",3,2024-07-02 16:30:00+00:00,2024-07-09 16:30:00+00:00,0.5,2,0.7177159552700618,0.19892816718316486,0.0,0,0,0.720470023408992,0.002754068138930199,0.20082502356072773,0.0018968563775628722,0
USGS-01491000,79480fea74964d81bf3822a6a66ee1c7,"CHOPTANK RIVER NEAR GREENSBORO, MD",3,2024-07-02 16:30:00+00:00,2024-07-09 16:30:00+00:00,1.0,4,0.8589835134380743,0.49185462165943916,0.01695509770600001,0,0,0.8617498764161344,0.002721012765304953,0.49626846273762126,0.004423058235786509,0
USGS-01491000,79480fea74964d81bf3822a6a66ee1c7,"CHOPTANK RIVER NEAR GREENSBORO, MD",3,2024-07-02 16:30:00+00:00,2024-07-09 16:30:00+00:00,2.0,8,0.9292152843376638,0.7457252419016887,0.4133224557616964,0,0,0.9319755004495368,0.0026917810016616195,0.7503021820726494,0.004581046277573386,0
USGS-01491000,79480fea74964d81bf3822a6a66ee1c7,"CHOPTANK RIVER NEAR GREENSBORO, MD",3,2024-07-02 16:30:00+00:00,2024-07-09 16:30:00+00:00,4.0,16,0.9648110001589318,0.8727031003780903,1.6006157343283227,0,0,0.9674432481785393,0.0026784278094249547,0.8772896771027817,0.004590732905774886,0
USGS-01579550,abaf8aaaf7bd495483198ad33d277024,"SUSQUEHANNA RIVER NEAR DARLINGTON, MD",0,2024-06-01 11:45:00+00:00,2024-06-08 11:45:00+00:00,0.5,2,0.3125051847694368,0.03956120117675642,0.0,0,0,0.3155079784457747,0.0030027936763379337,0.04135356552476637,0.0017923643480099519,0
USGS-01579550,abaf8aaaf7bd495483198ad33d277024,"SUSQUEHANNA RIVER NEAR DARLINGTON, MD",0,2024-06-01 11:45:00+00:00,2024-06-08 11:45:00+00:00,1.0,4,0.6549982564657195,0.2870381526100307,1.557283167075152e-05,0,0,0.6583995224223504,0.003355915743876059,0.2920206730198668,0.00498488094235533,0
USGS-01579550,abaf8aaaf7bd495483198ad33d277024,"SUSQUEHANNA RIVER NEAR DARLINGTON, MD",0,2024-06-01 11:45:00+00:00,2024-06-08 11:45:00+00:00,2.0,8,0.8273838403426031,0.6380467020901381,0.26761386859341657,0,0,0.8308055958531897,0.0033104126725438943,0.643749627941116,0.005578004618051691,0
USGS-01579550,abaf8aaaf7bd495483198ad33d277024,"SUSQUEHANNA RIVER NEAR DARLINGTON, MD",0,2024-06-01 11:45:00+00:00,2024-06-08 11:45:00+00:00,4.0,16,0.9137949768766618,0.8191264077504294,1.3867392881879732,0,0,0.9170792395477427,0.003278765077054935,0.8246921719422646,0.005565764191835076,0
USGS-01579550,abaf8aaaf7bd495483198ad33d277024,"SUSQUEHANNA RIVER NEAR DARLINGTON, MD",1,2024-06-08 12:00:00+00:00,2024-06-15 12:00:00+00:00,0.5,2,0.2543469839424399,0.033998933170751255,0.0,0,0,0.25732761649396796,0.002980632551528084,0.03590267498106901,0.0019037418103177509,0
USGS-01579550,abaf8aaaf7bd495483198ad33d277024,"SUSQUEHANNA RIVER NEAR DARLINGTON, MD",1,2024-06-08 12:00:00+00:00,2024-06-15 12:00:00+00:00,1.0,4,0.6102253141271665,0.2556337411021755,0.0001773780404469294,0,0,0.6142042554129399,0.00399081872244722,0.2606002121704733,0.004966471068297756,0
USGS-01579550,abaf8aaaf7bd495483198ad33d277024,"SUSQUEHANNA RIVER NEAR DARLINGTON, MD",1,2024-06-08 12:00:00+00:00,2024-06-15 12:00:00+00:00,2.0,8,0.8050511827101742,0.6157140444577096,0.24483340882846144,0,0,0.8090660425092626,0.004014859799088444,0.6220100745971893,0.006296030139479547,0
USGS-01579550,abaf8aaaf7bd495483198ad33d277024,"SUSQUEHANNA RIVER NEAR DARLINGTON, MD",1,2024-06-08 12:00:00+00:00,2024-06-15 12:00:00+00:00,4.0,16,0.9025375535897981,0.807868984463566,1.345389788623489,0,0,0.9065090155141182,0.004017641714137654,0.8141494358787698,0.00632663120502136,0
USGS-01579550,abaf8aaaf7bd495483198ad33d277024,"SUSQUEHANNA RIVER NEAR DARLINGTON, MD",2,2024-06-15 12:15:00+00:00,2024-06-22 12:15:00+00:00,0.5,2,0.31201749763725106,0.05509181550363505,0.0,0,0,0.3149755900532729,0.0029580924160218514,0.05696472784378067,0.0018729123401456209,0
USGS-01579550,abaf8aaaf7bd495483198ad33d277024,"SUSQUEHANNA RIVER NEAR DARLINGTON, MD",2,2024-06-15 12:15:00+00:00,2024-06-22 12:15:00+00:00,1.0,4,0.6330139310074661,0.2805807033797747,0.0015410160162620257,0,0,0.6373545942283095,0.004353620424487892,0.2855892641905451,0.005042999997768749,0
USGS-01579550,abaf8aaaf7bd495483198ad33d277024,"SUSQUEHANNA RIVER NEAR DARLINGTON, MD",2,2024-06-15 12:15:00+00:00,2024-06-22 12:15:00+00:00,2.0,8,0.8164798461155331,0.6271427078630687,0.2613609850572354,0,0,0.8208140697622761,0.004308153128567249,0.633758101850203,0.006575745074075157,0
USGS-01579550,abaf8aaaf7bd495483198ad33d277024,"SUSQUEHANNA RIVER NEAR DARLINGTON, MD",2,2024-06-15 12:15:00+00:00,2024-06-22 12:15:00+00:00,4.0,16,0.9079867687882839,0.8133181996620518,1.3671317837633068,0,0,0.9121891296616924,0.004202360873408417,0.8198295500263437,0.006511350364292068,0
USGS-01579550,abaf8aaaf7bd495483198ad33d277024,"SUSQUEHANNA RIVER NEAR DARLINGTON, MD",3,2024-06-22 12:30:00+00:00,2024-06-29 12:30:00+00:00,0.5,2,0.40952088799928327,0.09438959927887668,0.0,0,0,0.412433832860306,0.0029129448610227537,0.09627294041234916,0.0018833411334724728,0
USGS-01579550,abaf8aaaf7bd495483198ad33d277024,"SUSQUEHANNA RIVER NEAR DARLINGTON, MD",3,2024-06-22 12:30:00+00:00,2024-06-29 12:30:00+00:00,1.0,4,0.6492614545522004,0.3131498966896185,0.005660895629460011,0,0,0.6544313788062797,0.0051699242540791945,0.318291058583402,0.005170542190499089,0
USGS-01579550,abaf8aaaf7bd495483198ad33d277024,"SUSQUEHANNA RIVER NEAR DARLINGTON, MD",3,2024-06-22 12:30:00+00:00,2024-06-29 12:30:00+00:00,2.0,8,0.8245323774171134,0.6351952391646489,0.281034814927259,0,0,0.8297334457932053,0.005201068376091689,0.6426774778811319,0.0074822387164828474,0
USGS-01579550,abaf8aaaf7bd495483198ad33d277024,"SUSQUEHANNA RIVER NEAR DARLINGTON, MD",3,2024-06-22 12:30:00+00:00,2024-06-29 12:30:00+00:00,4.0,16,0.91244311850569,0.8177745493794577,1.388171779968437,0,0,0.9175690751754516,0.0051556436775017644,0.8252094955401031,0.00743714519825589,0
USGS-01594441,979a9c0c3a4842e8bd56bd05b649ab28,Patuxent R at Gov Bridge Natural Area nr Bowie MD,0,2024-06-01 00:00:00+00:00,2024-06-08 00:00:00+00:00,0.5,2,0.34274364370708266,0.04701826162432446,0.0,0,0,0.34549757727803976,0.0027539335709571566,0.04887910722847877,0.0018608456041543028,0
USGS-01594441,979a9c0c3a4842e8bd56bd05b649ab28,Patuxent R at Gov Bridge Natural Area nr Bowie MD,0,2024-06-01 00:00:00+00:00,2024-06-08 00:00:00+00:00,1.0,4,0.6714603836958135,0.30140812709331577,0.0003418655544459859,0,0,0.6741813964611185,0.0027210127653050087,0.3060607898282641,0.004658889409860034,0
USGS-01594441,979a9c0c3a4842e8bd56bd05b649ab28,Patuxent R at Gov Bridge Natural Area nr Bowie MD,0,2024-06-01 00:00:00+00:00,2024-06-08 00:00:00+00:00,2.0,8,0.8356047437407363,0.6462676054882718,0.2777141916884766,0,0,0.8383258540753459,0.0027374044084693683,0.651256307768389,0.0050185747488604715,0
USGS-01594441,979a9c0c3a4842e8bd56bd05b649ab28,Patuxent R at Gov Bridge Natural Area nr Bowie MD,0,2024-06-01 00:00:00+00:00,2024-06-08 00:00:00+00:00,4.0,16,0.9178549500647992,0.8231863809385669,1.4025731877427068,0,0,0.9206400311983269,0.0027707873890604473,0.8282804515629785,0.005079776879944098,0
USGS-01594441,979a9c0c3a4842e8bd56bd05b649ab28,Patuxent R at Gov Bridge Natural Area nr Bowie MD,1,2024-06-08 00:15:00+00:00,2024-06-15 00:15:00+00:00,0.5,2,0.331321985132184,0.040659875364627375,0.0,0,0,0.3341211335421268,0.0027991484099427755,0.04239653647150171,0.0017366611068743362,0
USGS-01594441,979a9c0c3a4842e8bd56bd05b649ab28,Patuxent R at Gov Bridge Natural Area nr Bowie MD,1,2024-06-08 00:15:00+00:00,2024-06-15 00:15:00+00:00,1.0,4,0.6654741556121417,0.2945703601914675,2.8446555944139362e-09,0,0,0.6682858688029567,0.0028117131908149684,0.29925586926921044,0.004685509077742983,0
USGS-01594441,979a9c0c3a4842e8bd56bd05b649ab28,Patuxent R at Gov Bridge Natural Area nr Bowie MD,1,2024-06-08 00:15:00+00:00,2024-06-15 00:15:00+00:00,2.0,8,0.8326761555323101,0.6433390172798459,0.2732251768037272,0,0,0.8355048067543951,0.002828651222084977,0.648448838842322,0.005109821562476025,0
USGS-01594441,979a9c0c3a4842e8bd56bd05b649ab28,Patuxent R at Gov Bridge Natural Area nr Bowie MD,1,2024-06-08 00:15:00+00:00,2024-06-15 00:15:00+00:00,4.0,16,0.9163684006401916,0.8216998315139592,1.3963310337813533,0,0,0.9191622779241608,0.0027707873890605583,0.8268026982888124,0.0050797768799443754,0
USGS-01594441,979a9c0c3a4842e8bd56bd05b649ab28,Patuxent R at Gov Bridge Natural Area nr Bowie MD,2,2024-06-15 00:30:00+00:00,2024-06-22 00:30:00+00:00,0.5,2,0.3918186322871617,0.0565879486844631,0.0,0,0,0.3943468953671101,0.002528263079948384,0.05841670877349851,0.0018287600890354097,0
USGS-01594441,979a9c0c3a4842e8bd56bd05b649ab28,Patuxent R at Gov Bridge Natural Area nr Bowie MD,2,2024-06-15 00:30:00+00:00,2024-06-22 00:30:00+00:00,1.0,4,0.6960175239026878,0.32267531144490363,7.419084526863462e-05,0,0,0.6985571358169724,0.002539611914284645,0.3272482229283086,0.00457291148340494,0
USGS-01594441,979a9c0c3a4842e8bd56bd05b649ab28,Patuxent R at Gov Bridge Natural Area nr Bowie MD,2,2024-06-15 00:30:00+00:00,2024-06-22 00:30:00+00:00,2.0,8,0.8481424904401629,0.6588053521876984,0.29238944796779687,0,0,0.850697401221401,0.002554910781238151,0.6636414333093279,0.004836081121629254,0
USGS-01594441,979a9c0c3a4842e8bd56bd05b649ab28,Patuxent R at Gov Bridge Natural Area nr Bowie MD,2,2024-06-15 00:30:00+00:00,2024-06-22 00:30:00+00:00,4.0,16,0.9242651446990136,0.8295965755727814,1.4268769265545407,0,0,0.9268050331389865,0.0025860682297897397,0.8344454535036374,0.004895057720673501,0
USGS-01594441,979a9c0c3a4842e8bd56bd05b649ab28,Patuxent R at Gov Bridge Natural Area nr Bowie MD,3,2024-06-22 00:45:00+00:00,2024-06-29 00:45:00+00:00,0.5,2,0.48617621482739204,0.09134024690547596,0.0,0,0,0.489065658347333,0.0028894435199409985,0.09322570026145537,0.001885453355979401,0
USGS-01594441,979a9c0c3a4842e8bd56bd05b649ab28,Patuxent R at Gov Bridge Natural Area nr Bowie MD,3,2024-06-22 00:45:00+00:00,2024-06-29 00:45:00+00:00,1.0,4,0.743157045498527,0.36922125361728686,0.001992139888432082,0,0,0.7460508209790893,0.00290241361632515,0.37394857039476853,0.004734767934635009,0
USGS-01594441,979a9c0c3a4842e8bd56bd05b649ab28,Patuxent R at Gov Bridge Natural Area nr Bowie MD,3,2024-06-22 00:45:00+00:00,2024-06-29 00:45:00+00:00,2.0,8,0.8719350970904419,0.6825979588379771,0.32439201076230206,0,0,0.8748549951261425,0.002919898035700641,0.6877990272140688,0.005201068376091689,0
USGS-01594441,979a9c0c3a4842e8bd56bd05b649ab28,Patuxent R at Gov Bridge Natural Area nr Bowie MD,3,2024-06-22 00:45:00+00:00,2024-06-29 00:45:00+00:00,4.0,16,0.9361333506821565,0.8414647815559243,1.4740328226534136,0,0,0.9390426774406697,0.0028741421567476944,0.8466830978053212,0.005172136459579535,0
USGS-01638500,7329a5d59c164090aee93904299d4a7a,"POTOMAC RIVER AT POINT OF ROCKS, MD",0,2024-06-01 00:00:00+00:00,2024-06-08 00:00:00+00:00,0.5,2,0.14801671118594914,0.01832911020410751,0.0,0,0,0.15095264380938408,0.0029359326234349448,0.020121474552117463,0.0017923643480099536,0
USGS-01638500,7329a5d59c164090aee93904299d4a7a,"POTOMAC RIVER AT POINT OF ROCKS, MD",0,2024-06-01 00:00:00+00:00,2024-06-08 00:00:00+00:00,1.0,4,0.49343812352574096,0.18212039576506373,1.0008553148338484e-05,0,0,0.49869874820533044,0.005260624679589432,0.18702702522416645,0.004906629459102738,0
USGS-01638500,7329a5d59c164090aee93904299d4a7a,"POTOMAC RIVER AT POINT OF ROCKS, MD",0,2024-06-01 00:00:00+00:00,2024-06-08 00:00:00+00:00,2.0,8,0.7472919496914703,0.5579548114390056,0.1895671449690291,0,0,0.7525842648811778,0.005260813313578305,0.5655282969691042,0.007528405259086102,0
USGS-01638500,7329a5d59c164090aee93904299d4a7a,"POTOMAC RIVER AT POINT OF ROCKS, MD",0,2024-06-01 00:00:00+00:00,2024-06-08 00:00:00+00:00,4.0,16,0.8741600727468374,0.7794915036206054,1.2427653252234112,0,0,0.8793091193115086,0.00526449603921475,0.7869495396761601,0.007573485530098567,0
USGS-01638500,7329a5d59c164090aee93904299d4a7a,"POTOMAC RIVER AT POINT OF ROCKS, MD",1,2024-06-08 00:15:00+00:00,2024-06-15 00:15:00+00:00,0.5,2,0.18719851786920355,0.02516386620485036,0.0,0,0,0.19013400286573257,0.0029354849965289864,0.027037254450554125,0.0018733882457037648,0
USGS-01638500,7329a5d59c164090aee93904299d4a7a,"POTOMAC RIVER AT POINT OF ROCKS, MD",1,2024-06-08 00:15:00+00:00,2024-06-15 00:15:00+00:00,1.0,4,0.5256594496882265,0.20391206194875078,9.78836733500632e-05,0,0,0.5307840237295507,0.005109187361996503,0.20885019855886555,0.0049371936884911455,0
USGS-01638500,7329a5d59c164090aee93904299d4a7a,"POTOMAC RIVER AT POINT OF ROCKS, MD",1,2024-06-08 00:15:00+00:00,2024-06-15 00:15:00+00:00,2.0,8,0.7633057654810158,0.5739686272285511,0.20548336718159133,0,0,0.7683471519332803,0.00510982156247608,0.5812911840212067,0.007390991902867183,0
USGS-01638500,7329a5d59c164090aee93904299d4a7a,"POTOMAC RIVER AT POINT OF ROCKS, MD",1,2024-06-08 00:15:00+00:00,2024-06-15 00:15:00+00:00,4.0,16,0.8818951875412976,0.7872266184150654,1.2708416131648188,0,0,0.8869287846314242,0.005079776879944153,0.7945692049960758,0.007388766370827804,0
USGS-01638500,7329a5d59c164090aee93904299d4a7a,"POTOMAC RIVER AT POINT OF ROCKS, MD",2,2024-06-18 20:00:00+00:00,2024-06-25 20:00:00+00:00,0.5,2,0.43869462840639933,0.11887167069911807,0.0,0,0,0.4419912938429211,0.0032966654365217396,0.12078638112299442,0.0019147104238763438,0
USGS-01638500,7329a5d59c164090aee93904299d4a7a,"POTOMAC RIVER AT POINT OF ROCKS, MD",2,2024-06-18 20:00:00+00:00,2024-06-25 20:00:00+00:00,1.0,4,0.646517766680518,0.3275066876738265,0.009677363790449145,0,0,0.6521865432749032,0.005668776594385305,0.33245677361150017,0.004954808054987991,0
USGS-01638500,7329a5d59c164090aee93904299d4a7a,"POTOMAC RIVER AT POINT OF ROCKS, MD",2,2024-06-18 20:00:00+00:00,2024-06-25 20:00:00+00:00,2.0,8,0.8247833061545569,0.6379718797029734,0.29245976385732997,0,0,0.8303949851919191,0.005566055630554456,0.6454687179096348,0.007496838206661471,0
USGS-01638500,7329a5d59c164090aee93904299d4a7a,"POTOMAC RIVER AT POINT OF ROCKS, MD",2,2024-06-18 20:00:00+00:00,2024-06-25 20:00:00+00:00,4.0,16,0.9136899728307666,0.8201814400247546,1.4003313263026151,0,0,0.9191853678190698,0.005449215198485291,0.8276690311457924,0.007444182118609199,0
USGS-01638500,7329a5d59c164090aee93904299d4a7a,"POTOMAC RIVER AT POINT OF ROCKS, MD",3,2024-06-25 20:15:00+00:00,2024-07-02 20:15:00+00:00,0.5,2,0.3928948541052028,0.09130367086747282,0.0,0,0,0.3959887009129317,0.003093846807728895,0.09325916026921167,0.001955489401738855,0
USGS-01638500,7329a5d59c164090aee93904299d4a7a,"POTOMAC RIVER AT POINT OF ROCKS, MD",3,2024-06-25 20:15:00+00:00,2024-07-02 20:15:00+00:00,1.0,4,0.6163598751983896,0.2992206611685501,0.005301491992703966,0,0,0.6223461032820603,0.006013492199672343,0.30417461647707644,0.004921141527184342,0
USGS-01638500,7329a5d59c164090aee93904299d4a7a,"POTOMAC RIVER AT POINT OF ROCKS, MD",3,2024-06-25 20:15:00+00:00,2024-07-02 20:15:00+00:00,2.0,8,0.8094538414671291,0.6205665500057893,0.2706549726915411,0,0,0.8153848843521458,0.005976666291824695,0.6286441741811143,0.008123247582132787,0
USGS-01638500,7329a5d59c164090aee93904299d4a7a,"POTOMAC RIVER AT POINT OF ROCKS, MD",3,2024-06-25 20:15:00+00:00,2024-07-02 20:15:00+00:00,4.0,16,0.9056546894024915,0.8112825945268888,1.366315108219038,0,0,0.9114964328144273,0.005818653517027095,0.8193178779551639,0.008036207024071762,0
USGS-01643580,4d259ae612cb4d82bd36c7ccd1051434,"MONOCACY RIVER NEAR DICKERSON, MD",0,2024-06-01 22:00:00+00:00,2024-06-08 22:00:00+00:00,0.5,2,0.17472489744429315,0.023785797800005618,0.0,0,0,0.17768292390855134,0.00295802646425819,0.025600700168651513,0.0018149023686458935,0
USGS-01643580,4d259ae612cb4d82bd36c7ccd1051434,"MONOCACY RIVER NEAR DICKERSON, MD",0,2024-06-01 22:00:00+00:00,2024-06-08 22:00:00+00:00,1.0,4,0.47139531907611687,0.18586668402082945,2.5645872469379216e-05,0,0,0.4774340398690865,0.006055151337015924,0.19089735637956456,0.005021855272609399,0
USGS-01643580,4d259ae612cb4d82bd36c7ccd1051434,"MONOCACY RIVER NEAR DICKERSON, MD",0,2024-06-01 22:00:00+00:00,2024-06-08 22:00:00+00:00,2.0,8,0.7341980319376253,0.5448608936851609,0.18710571691332722,0,0,0.7412240365860301,0.006938559785356346,0.5541680686739567,0.009215928175180188,0
USGS-01643580,4d259ae612cb4d82bd36c7ccd1051434,"MONOCACY RIVER NEAR DICKERSON, MD",0,2024-06-01 22:00:00+00:00,2024-06-08 22:00:00+00:00,4.0,16,0.8675332729080012,0.7728647037817689,1.2231797927161274,0,0,0.8743447919061084,0.0068807886828334275,0.7819852122707598,0.009189778173717134,0
USGS-01643580,4d259ae612cb4d82bd36c7ccd1051434,"MONOCACY RIVER NEAR DICKERSON, MD",1,2024-06-10 19:15:00+00:00,2024-06-17 19:15:00+00:00,0.5,2,0.21199535687257215,0.03425408615513087,0.0,0,0,0.21490868207651426,0.0029133252039421076,0.03612526539919443,0.0018711792440635686,0
USGS-01643580,4d259ae612cb4d82bd36c7ccd1051434,"MONOCACY RIVER NEAR DICKERSON, MD",1,2024-06-10 19:15:00+00:00,2024-06-17 19:15:00+00:00,1.0,4,0.5060681577780313,0.20404492315663808,0.0003713579650396759,0,0,0.5115555335213963,0.005442025530609851,0.2090173643002884,0.004966617450729141,0
USGS-01643580,4d259ae612cb4d82bd36c7ccd1051434,"MONOCACY RIVER NEAR DICKERSON, MD",1,2024-06-10 19:15:00+00:00,2024-06-17 19:15:00+00:00,2.0,8,0.7538617202717974,0.564524582019333,0.20247419143851342,0,0,0.7593821524955439,0.0054748088169387366,0.5723261845834706,0.00775597915732984,0
USGS-01643580,4d259ae612cb4d82bd36c7ccd1051434,"MONOCACY RIVER NEAR DICKERSON, MD",1,2024-06-10 19:15:00+00:00,2024-06-17 19:15:00+00:00,4.0,16,0.8773926580340747,0.7827240889078424,1.256834038829581,0,0,0.8828187833376515,0.005495394988303148,0.790459203702303,0.00780438447918691,0
USGS-01643580,4d259ae612cb4d82bd36c7ccd1051434,"MONOCACY RIVER NEAR DICKERSON, MD",2,2024-06-27 13:30:00+00:00,2024-07-04 13:30:00+00:00,0.5,2,0.34302742488780036,0.07012211426260676,0.0,0,0,0.3459629098843293,0.002935484996529014,0.07200760096412619,0.0018854867015194385,0
USGS-01643580,4d259ae612cb4d82bd36c7ccd1051434,"MONOCACY RIVER NEAR DICKERSON, MD",2,2024-06-27 13:30:00+00:00,2024-07-04 13:30:00+00:00,1.0,4,0.5916323361021072,0.2764935318314301,0.002297323485425773,0,0,0.5976657102669581,0.006009801124260805,0.2814600954061065,0.004966563574676397,0
USGS-01643580,4d259ae612cb4d82bd36c7ccd1051434,"MONOCACY RIVER NEAR DICKERSON, MD",2,2024-06-27 13:30:00+00:00,2024-07-04 13:30:00+00:00,2.0,8,0.7949684098056455,0.6056312715531809,0.25219448581109166,0,0,0.8014469335723564,0.006478523766710709,0.6143909656602827,0.008759694107101812,0
USGS-01643580,4d259ae612cb4d82bd36c7ccd1051434,"MONOCACY RIVER NEAR DICKERSON, MD",2,2024-06-27 13:30:00+00:00,2024-07-04 13:30:00+00:00,4.0,16,0.8978964847131223,0.8032279155868902,1.335732592840614,0,0,0.9043847451825052,0.0063728109948389955,0.8120251655471565,0.008681800485722757,0
USGS-01643580,4d259ae612cb4d82bd36c7ccd1051434,"MONOCACY RIVER NEAR DICKERSON, MD",3,2024-07-12 18:00:00+00:00,2024-07-19 18:00:00+00:00,0.5,2,0.3214224693496297,0.07099711921644182,0.0,0,0,0.32426765923616063,0.00284518988653093,0.07287096757319152,0.0018738483567496966,0
USGS-01643580,4d259ae612cb4d82bd36c7ccd1051434,"MONOCACY RIVER NEAR DICKERSON, MD",3,2024-07-12 18:00:00+00:00,2024-07-19 18:00:00+00:00,1.0,4,0.5491508598953595,0.25474913807867994,0.003278062328352621,0,0,0.5552277884045403,0.006076928509180846,0.2596620727592629,0.00489651881056985,0
USGS-01643580,4d259ae612cb4d82bd36c7ccd1051434,"MONOCACY RIVER NEAR DICKERSON, MD",3,2024-07-12 18:00:00+00:00,2024-07-19 18:00:00+00:00,2.0,8,0.7757153321327439,0.5863781938802795,0.23576227292206325,0,0,0.7818060569415881,0.006113536512248108,0.594750089029515,0.008394706852639322,0
USGS-01643580,4d259ae612cb4d82bd36c7ccd1051434,"MONOCACY RIVER NEAR DICKERSON, MD",3,2024-07-12 18:00:00+00:00,2024-07-19 18:00:00+00:00,4.0,16,0.8886143469597696,0.7939457778335374,1.3021957496068137,0,0,0.8946638994258849,0.006049552466115271,0.8023043197905364,0.008358541956998866,0
USGS-01646500,bb18f3558934465194f8da1d5f1c3df3,"POTOMAC RIVER NEAR WASH, DC LITTLE FALLS PUMP STA",0,2024-06-07 17:15:00+00:00,2024-06-14 17:15:00+00:00,0.5,2,0.04486158227126275,0.002615806774934444,0.0,0,0,0.04781967468728463,0.002958092416021879,0.004090846265722038,0.0014750394907875938,0
USGS-01646500,bb18f3558934465194f8da1d5f1c3df3,"POTOMAC RIVER NEAR WASH, DC LITTLE FALLS PUMP STA",0,2024-06-07 17:15:00+00:00,2024-06-14 17:15:00+00:00,1.0,4,0.3948014107834391,0.11767228828872409,0.0,0,0,0.40006203546302854,0.005260624679589404,0.1225674006077955,0.004895112319071422,0
USGS-01646500,bb18f3558934465194f8da1d5f1c3df3,"POTOMAC RIVER NEAR WASH, DC LITTLE FALLS PUMP STA",0,2024-06-07 17:15:00+00:00,2024-06-14 17:15:00+00:00,2.0,8,0.6972886958300966,0.5079515575776321,0.1410510758394215,0,0,0.7024897642061882,0.005292315189707519,0.5154337962941149,0.007573485530098623,0
USGS-01646500,bb18f3558934465194f8da1d5f1c3df3,"POTOMAC RIVER NEAR WASH, DC LITTLE FALLS PUMP STA",0,2024-06-07 17:15:00+00:00,2024-06-14 17:15:00+00:00,4.0,16,0.848553379292937,0.7538848101667046,1.1504209466818374,0,0,0.8538409652270609,0.005264496039214972,0.7614813855917123,0.007573485530098734,0
USGS-01646500,bb18f3558934465194f8da1d5f1c3df3,"POTOMAC RIVER NEAR WASH, DC LITTLE FALLS PUMP STA",1,2024-06-14 17:30:00+00:00,2024-06-21 17:30:00+00:00,0.5,2,0.09360058080925888,0.009299844465293985,0.0,0,0,0.09653606580578791,0.002935484996529021,0.010976892921137755,0.0016770484558437677,0
USGS-01646500,bb18f3558934465194f8da1d5f1c3df3,"POTOMAC RIVER NEAR WASH, DC LITTLE FALLS PUMP STA",1,2024-06-14 17:30:00+00:00,2024-06-21 17:30:00+00:00,1.0,4,0.43612517250605265,0.14518187210599592,0.0,0,0,0.4416187569094972,0.005470909297066923,0.1500725865336143,0.004900892203687099,0
USGS-01646500,bb18f3558934465194f8da1d5f1c3df3,"POTOMAC RIVER NEAR WASH, DC LITTLE FALLS PUMP STA",1,2024-06-14 17:30:00+00:00,2024-06-21 17:30:00+00:00,2.0,8,0.7178876640038285,0.5285505257513641,0.1611735115439053,0,0,0.7234080962275751,0.0054748088169387366,0.5363521283155017,0.00775597915732984,0
USGS-01646500,bb18f3558934465194f8da1d5f1c3df3,"POTOMAC RIVER NEAR WASH, DC LITTLE FALLS PUMP STA",1,2024-06-14 17:30:00+00:00,2024-06-21 17:30:00+00:00,4.0,16,0.8586667532630079,0.7639981841367756,1.1868652007670313,0,0,0.8642083280411288,0.005541574778120839,0.7718487484057801,0.007850564269004545,0
USGS-01646500,bb18f3558934465194f8da1d5f1c3df3,"POTOMAC RIVER NEAR WASH, DC LITTLE FALLS PUMP STA",2,2024-06-21 17:45:00+00:00,2024-06-28 17:45:00+00:00,0.5,2,0.12067431286573053,0.01229294167187478,0.0,0,0,0.12363278562467175,0.002958472758941219,0.014044708955752438,0.0017517672838776605,0
USGS-01646500,bb18f3558934465194f8da1d5f1c3df3,"POTOMAC RIVER NEAR WASH, DC LITTLE FALLS PUMP STA",2,2024-06-21 17:45:00+00:00,2024-06-28 17:45:00+00:00,1.0,4,0.49005953267548713,0.1742072965759307,0.0,0,0,0.4953655075678316,0.005260624679589432,0.179219048735204,0.005006731074417459,0
USGS-01646500,bb18f3558934465194f8da1d5f1c3df3,"POTOMAC RIVER NEAR WASH, DC LITTLE FALLS PUMP STA",2,2024-06-21 17:45:00+00:00,2024-06-28 17:45:00+00:00,2.0,8,0.744919532537464,0.5555823942849993,0.1845603782878255,0,0,0.7502118477271713,0.005246691782899604,0.563155879815098,0.007527862123290763,0
USGS-01646500,bb18f3558934465194f8da1d5f1c3df3,"POTOMAC RIVER NEAR WASH, DC LITTLE FALLS PUMP STA",2,2024-06-21 17:45:00+00:00,2024-06-28 17:45:00+00:00,4.0,16,0.8725437801032186,0.7778752109769866,1.235611593663649,0,0,0.8776466468780719,0.005172136459579535,0.7852870672427232,0.007481125950463352,0
USGS-01646500,bb18f3558934465194f8da1d5f1c3df3,"POTOMAC RIVER NEAR WASH, DC LITTLE FALLS PUMP STA",3,2024-07-01 14:30:00+00:00,2024-07-08 14:30:00+00:00,0.5,2,0.1596298254565321,0.03934053554958874,0.0,0,0,0.1633549113966457,0.003725085940113629,0.0414396085122891,0.0020990729627003678,0
USGS-01646500,bb18f3558934465194f8da1d5f1c3df3,"POTOMAC RIVER NEAR WASH, DC LITTLE FALLS PUMP STA",3,2024-07-01 14:30:00+00:00,2024-07-08 14:30:00+00:00,1.0,4,0.3910452068516609,0.16442690882129218,0.003541460080265818,0,0,0.39817849471091105,0.007055103660553175,0.16968395846734913,0.005257049646056958,0
USGS-01646500,bb18f3558934465194f8da1d5f1c3df3,"POTOMAC RIVER NEAR WASH, DC LITTLE FALLS PUMP STA",3,2024-07-01 14:30:00+00:00,2024-07-08 14:30:00+00:00,2.0,8,0.666604782208654,0.48234636351122073,0.16149608422693787,0,0,0.6770829579721841,0.010447760158991348,0.49358789123498775,0.011395893812798152,0
USGS-01646500,bb18f3558934465194f8da1d5f1c3df3,"POTOMAC RIVER NEAR WASH, DC LITTLE FALLS PUMP STA",3,2024-07-01 14:30:00+00:00,2024-07-08 14:30:00+00:00,4.0,16,0.8316977560094864,0.7384099625988024,1.1172014007200537,0,0,0.8418573097693745,0.01006719418025298,0.7504067792965868,0.011943940838443246,0
USGS-01649190,42075f9554bd4ee0b1909d52959482ae,"PAINT BRANCH NEAR COLLEGE PARK, MD",0,2024-06-12 15:30:00+00:00,2024-06-19 15:30:00+00:00,0.5,2,0.04996945339304948,0.0019209763274204445,0.0,0,0,0.052949192022988645,0.0029797386299391625,0.003235741283809178,0.0013147649563887338,0
USGS-01649190,42075f9554bd4ee0b1909d52959482ae,"PAINT BRANCH NEAR COLLEGE PARK, MD",0,2024-06-12 15:30:00+00:00,2024-06-19 15:30:00+00:00,1.0,4,0.5030900255029096,0.1691301747297233,0.0,0,0,0.5069785363049153,0.003900118296936983,0.17401782222237444,0.004887647492651123,0
USGS-01649190,42075f9554bd4ee0b1909d52959482ae,"PAINT BRANCH NEAR COLLEGE PARK, MD",0,2024-06-12 15:30:00+00:00,2024-06-19 15:30:00+00:00,2.0,8,0.7516033616348092,0.5622662233823448,0.18460433771773904,0,0,0.7554813512134742,0.003854634739465679,0.5684253833014009,0.006122226684973531,0
USGS-01649190,42075f9554bd4ee0b1909d52959482ae,"PAINT BRANCH NEAR COLLEGE PARK, MD",0,2024-06-12 15:30:00+00:00,2024-06-19 15:30:00+00:00,4.0,16,0.8763997925529944,0.7817312234267624,1.2469999807321528,0,0,0.8800249060536817,0.0036943831854139297,0.7876653264183333,0.00600337267629758,0
USGS-01649190,42075f9554bd4ee0b1909d52959482ae,"PAINT BRANCH NEAR COLLEGE PARK, MD",1,2024-06-19 15:45:00+00:00,2024-06-26 15:45:00+00:00,0.5,2,0.14875108772099904,0.010601238279530282,0.0,0,0,0.15173171894030413,0.002980631219305113,0.012132017596392984,0.0015307793168627022,0
USGS-01649190,42075f9554bd4ee0b1909d52959482ae,"PAINT BRANCH NEAR COLLEGE PARK, MD",1,2024-06-19 15:45:00+00:00,2024-06-26 15:45:00+00:00,1.0,4,0.570843918213358,0.21722433066738683,0.0,0,0,0.5741898461127581,0.003355915743876059,0.22208086224040952,0.004847652364166968,0
USGS-01649190,42075f9554bd4ee0b1909d52959482ae,"PAINT BRANCH NEAR COLLEGE PARK, MD",1,2024-06-19 15:45:00+00:00,2024-06-26 15:45:00+00:00,2.0,8,0.7856840465202533,0.5963469082677884,0.21971344828504402,0,0,0.789060178624032,0.003376132103778795,0.6020042107119585,0.005657302444170065,0
USGS-01649190,42075f9554bd4ee0b1909d52959482ae,"PAINT BRANCH NEAR COLLEGE PARK, MD",1,2024-06-19 15:45:00+00:00,2024-06-26 15:45:00+00:00,4.0,16,0.8930245168873573,0.7983559477611251,1.308069069465991,0,0,0.8964187314389567,0.003417304446507896,0.8040591518036082,0.005726293937391713,0
USGS-01649190,42075f9554bd4ee0b1909d52959482ae,"PAINT BRANCH NEAR COLLEGE PARK, MD",2,2024-06-30 22:15:00+00:00,2024-07-07 22:15:00+00:00,0.5,2,0.16297046251236014,0.013540545988218071,0.0,0,0,0.16595198898547708,0.0029815264731169466,0.015194794290800572,0.0016542483025825021,0
USGS-01649190,42075f9554bd4ee0b1909d52959482ae,"PAINT BRANCH NEAR COLLEGE PARK, MD",2,2024-06-30 22:15:00+00:00,2024-07-07 22:15:00+00:00,1.0,4,0.5769922463134531,0.2227328312400815,0.0,0,0,0.5804286046966209,0.003436358383167748,0.22759546103623762,0.004862403045092306,0
USGS-01649190,42075f9554bd4ee0b1909d52959482ae,"PAINT BRANCH NEAR COLLEGE PARK, MD",2,2024-06-30 22:15:00+00:00,2024-07-07 22:15:00+00:00,2.0,8,0.7885126977423389,0.5991755594898742,0.22323849993347844,0,0,0.7919325522776408,0.0034217555105865993,0.6048630059706839,0.005702925850977869,0
USGS-01649190,42075f9554bd4ee0b1909d52959482ae,"PAINT BRANCH NEAR COLLEGE PARK, MD",2,2024-06-30 22:15:00+00:00,2024-07-07 22:15:00+00:00,4.0,16,0.8942021015277082,0.799533532401476,1.3126890291913047,0,0,0.8976655857640339,0.003417304446507896,0.8053060061286852,0.005726293937391658,0
USGS-01649190,42075f9554bd4ee0b1909d52959482ae,"PAINT BRANCH NEAR COLLEGE PARK, MD",3,2024-08-04 19:45:00+00:00,2024-08-11 19:45:00+00:00,0.5,2,0.18109299124285372,0.01738455286887328,0.0,0,0,0.18407272987279288,0.002979738629939166,0.019091407650232345,0.001706854781359065,0
USGS-01649190,42075f9554bd4ee0b1909d52959482ae,"PAINT BRANCH NEAR COLLEGE PARK, MD",3,2024-08-04 19:45:00+00:00,2024-08-11 19:45:00+00:00,1.0,4,0.5907143298853949,0.23363848373221657,0.0,0,0,0.5937074439272302,0.002993114041835332,0.2383912547943111,0.004752771062094541,0
USGS-01649190,42075f9554bd4ee0b1909d52959482ae,"PAINT BRANCH NEAR COLLEGE PARK, MD",3,2024-08-04 19:45:00+00:00,2024-08-11 19:45:00+00:00,2.0,8,0.7955387023907428,0.6062015641382779,0.2310406485185479,0,0,0.798549847240059,0.003011144849316194,0.6114938793279852,0.005292315189707353,0
USGS-01649190,42075f9554bd4ee0b1909d52959482ae,"PAINT BRANCH NEAR COLLEGE PARK, MD",3,2024-08-04 19:45:00+00:00,2024-08-11 19:45:00+00:00,4.0,16,0.8977579453436697,0.8030893762174369,1.3260487023684382,0,0,0.9007596316818184,0.0029555065483309884,0.8084000520464695,0.005264496039214861,0
USGS-01649500,80262e6c200045eb8755f9f1780b799b,"NORTHEAST BRANCH ANACOSTIA RIVER AT RIVERDALE, MD",0,2024-06-01 00:00:00+00:00,2024-06-08 00:00:00+00:00,0.5,2,0.2509589972882125,0.141941532256011,0.0004373534839054727,0,0,0.25646802881988506,0.005509031531672509,0.14499728898149622,0.0030557567254852203,0
USGS-01649500,80262e6c200045eb8755f9f1780b799b,"NORTHEAST BRANCH ANACOSTIA RIVER AT RIVERDALE, MD",0,2024-06-01 00:00:00+00:00,2024-06-08 00:00:00+00:00,1.0,4,0.5306442461136222,0.3089701502833335,0.033739693982769575,0,0,0.538851772590331,0.008504062825790304,0.3150956955733556,0.005983549783067199,0
USGS-01649500,80262e6c200045eb8755f9f1780b799b,"NORTHEAST BRANCH ANACOSTIA RIVER AT RIVERDALE, MD",0,2024-06-01 00:00:00+00:00,2024-06-08 00:00:00+00:00,2.0,8,0.7650166432363095,0.618207819873825,0.2982333052523784,0,0,0.7735938437161798,0.00825783663221591,0.6273439070870914,0.00894005864201558,0
USGS-01649500,80262e6c200045eb8755f9f1780b799b,"NORTHEAST BRANCH ANACOSTIA RIVER AT RIVERDALE, MD",0,2024-06-01 00:00:00+00:00,2024-06-08 00:00:00+00:00,4.0,16,0.8833498509205551,0.8100717604378693,1.3890422232049455,0,0,0.8914313141386481,0.008220002587545905,0.8191606467660228,0.008927784832818197,0
USGS-01649500,80262e6c200045eb8755f9f1780b799b,"NORTHEAST BRANCH ANACOSTIA RIVER AT RIVERDALE, MD",1,2024-06-10 14:15:00+00:00,2024-06-17 14:15:00+00:00,0.5,2,0.329404462243416,0.16161248462865868,0.000457596862473833,0,0,0.33448448974439465,0.005080027500978634,0.16413585724830243,0.002523372619643735,0
USGS-01649500,80262e6c200045eb8755f9f1780b799b,"NORTHEAST BRANCH ANACOSTIA RIVER AT RIVERDALE, MD",1,2024-06-10 14:15:00+00:00,2024-06-17 14:15:00+00:00,1.0,4,0.5684996962870323,0.3431308058966439,0.033885636021023846,0,0,0.5766854455915764,0.00827731176201485,0.34878852585149767,0.00555111505528072,0
USGS-01649500,80262e6c200045eb8755f9f1780b799b,"NORTHEAST BRANCH ANACOSTIA RIVER AT RIVERDALE, MD",1,2024-06-10 14:15:00+00:00,2024-06-17 14:15:00+00:00,2.0,8,0.7819353232608767,0.6330865253019915,0.32000939345549045,0,0,0.7911588553371913,0.009124681361564635,0.6429649053440213,0.009765690227214407,0
USGS-01649500,80262e6c200045eb8755f9f1780b799b,"NORTHEAST BRANCH ANACOSTIA RIVER AT RIVERDALE, MD",1,2024-06-10 14:15:00+00:00,2024-06-17 14:15:00+00:00,4.0,16,0.891408224243739,0.8171649761538644,1.415764187759774,0,0,0.9007365417869092,0.009051238804264061,0.8268650410050667,0.009679283945784656,0
USGS-01649500,80262e6c200045eb8755f9f1780b799b,"NORTHEAST BRANCH ANACOSTIA RIVER AT RIVERDALE, MD",2,2024-06-17 14:30:00+00:00,2024-06-24 14:30:00+00:00,0.5,2,0.49092985252698,0.1781283181059356,0.0,0,0,0.49503982343235076,0.004109970905370713,0.1803019448342932,0.002173626728357622,0
USGS-01649500,80262e6c200045eb8755f9f1780b799b,"NORTHEAST BRANCH ANACOSTIA RIVER AT RIVERDALE, MD",2,2024-06-17 14:30:00+00:00,2024-06-24 14:30:00+00:00,1.0,4,0.6603042313580634,0.3769608817619622,0.02237225240292115,0,0,0.6669707126330604,0.006556075102277681,0.3821189747948761,0.005215709117712908,0
USGS-01649500,80262e6c200045eb8755f9f1780b799b,"NORTHEAST BRANCH ANACOSTIA RIVER AT RIVERDALE, MD",2,2024-06-17 14:30:00+00:00,2024-06-24 14:30:00+00:00,2.0,8,0.8307827841497861,0.6574740611770449,0.32939719741368156,0,0,0.8372613079164969,0.00647852376671082,0.6653961095351553,0.00788600586673216,0
USGS-01649500,80262e6c200045eb8755f9f1780b799b,"NORTHEAST BRANCH ANACOSTIA RIVER AT RIVERDALE, MD",2,2024-06-17 14:30:00+00:00,2024-06-24 14:30:00+00:00,4.0,16,0.9160220522165592,0.8292049709551279,1.4422271561124305,0,0,0.9222101440521275,0.0063728109948389955,0.8371853004335204,0.007862109216459134,0
USGS-01649500,80262e6c200045eb8755f9f1780b799b,"NORTHEAST BRANCH ANACOSTIA RIVER AT RIVERDALE, MD",3,2024-06-24 14:45:00+00:00,2024-07-01 14:45:00+00:00,0.5,2,0.4339625581042694,0.1384117987882696,0.0,0,0,0.4381175406644431,0.004154982560173659,0.14056044902325687,0.0021486502349872677,0
USGS-01649500,80262e6c200045eb8755f9f1780b799b,"NORTHEAST BRANCH ANACOSTIA RIVER AT RIVERDALE, MD",3,2024-06-24 14:45:00+00:00,2024-07-01 14:45:00+00:00,1.0,4,0.6466212649360682,0.34925539739549527,0.015130573928115204,0,0,0.6538328466983385,0.007074633189792623,0.3545788884591542,0.005323491063658925,0
USGS-01649500,80262e6c200045eb8755f9f1780b799b,"NORTHEAST BRANCH ANACOSTIA RIVER AT RIVERDALE, MD",3,2024-06-24 14:45:00+00:00,2024-07-01 14:45:00+00:00,2.0,8,0.8225705709243778,0.6468693564986354,0.3101216905440199,0,0,0.830372173488516,0.007847225970945448,0.6560131996910592,0.009154336575989686,0
USGS-01649500,80262e6c200045eb8755f9f1780b799b,"NORTHEAST BRANCH ANACOSTIA RIVER AT RIVERDALE, MD",3,2024-06-24 14:45:00+00:00,2024-07-01 14:45:00+00:00,4.0,16,0.9119120509227863,0.8242803581689715,1.4215032045986973,0,0,0.919624075822338,0.007756005651758879,0.833477063311161,0.00914359838389961,0
USGS-01650800,d4a0194d99aa4663b9c935003d7ed3f0,"SLIGO CREEK NEAR TAKOMA PARK, MD",0,2024-06-01 00:00:00+00:00,2024-06-08 00:00:00+00:00,0.5,2,0.14257500399779757,0.012951612258796902,0.0,0,0,0.14555474262773674,0.002979738629939166,0.014717826781770891,0.00176621452297399,0
USGS-01650800,d4a0194d99aa4663b9c935003d7ed3f0,"SLIGO CREEK NEAR TAKOMA PARK, MD",0,2024-06-01 00:00:00+00:00,2024-06-08 00:00:00+00:00,1.0,4,0.5650104771559924,0.21460008958733418,7.326341274344061e-07,0,0,0.5684468355391601,0.0034466161693861297,0.2194627193834903,0.004877145108980421,0
USGS-01650800,d4a0194d99aa4663b9c935003d7ed3f0,"SLIGO CREEK NEAR TAKOMA PARK, MD",0,2024-06-01 00:00:00+00:00,2024-06-08 00:00:00+00:00,2.0,8,0.7825588431539172,0.5932217049014528,0.2173008026008374,0,0,0.7860262220713118,0.0034673789173945146,0.5989702541592385,0.005748549257785673,0
USGS-01650800,d4a0194d99aa4663b9c935003d7ed3f0,"SLIGO CREEK NEAR TAKOMA PARK, MD",0,2024-06-01 00:00:00+00:00,2024-06-08 00:00:00+00:00,4.0,16,0.8913620444539213,0.7966934753276893,1.3023775478020188,0,0,0.8948255286902469,0.003417304446508007,0.8024659490548984,0.005726293937391713,0
USGS-01650800,d4a0194d99aa4663b9c935003d7ed3f0,"SLIGO CREEK NEAR TAKOMA PARK, MD",1,2024-06-08 00:15:00+00:00,2024-06-15 00:15:00+00:00,0.5,2,0.1271672333291675,0.009163503306924989,0.0,0,0,0.13014741825378964,0.0029801849246221535,0.010808948474269444,0.0016454451673444549,0
USGS-01650800,d4a0194d99aa4663b9c935003d7ed3f0,"SLIGO CREEK NEAR TAKOMA PARK, MD",1,2024-06-08 00:15:00+00:00,2024-06-15 00:15:00+00:00,1.0,4,0.5523480498945921,0.20468622693057537,0.0,0,0,0.5560667673405086,0.003718717445916564,0.20957961503455785,0.004893388103982488,0
USGS-01650800,d4a0194d99aa4663b9c935003d7ed3f0,"SLIGO CREEK NEAR TAKOMA PARK, MD",1,2024-06-08 00:15:00+00:00,2024-06-15 00:15:00+00:00,2.0,8,0.7761715662008217,0.5868344279483575,0.21019582931005643,0,0,0.7799126855590632,0.003741119358241507,0.5928567176469901,0.00602228969863261,0
USGS-01650800,d4a0194d99aa4663b9c935003d7ed3f0,"SLIGO CREEK NEAR TAKOMA PARK, MD",1,2024-06-08 00:15:00+00:00,2024-06-15 00:15:00+00:00,4.0,16,0.8880370995870489,0.7933685304608167,1.2898577889477103,0,0,0.8917776625622806,0.0037867427650490892,0.799394993032023,0.006095732255932906,0
USGS-01650800,d4a0194d99aa4663b9c935003d7ed3f0,"SLIGO CREEK NEAR TAKOMA PARK, MD",2,2024-06-15 00:30:00+00:00,2024-06-22 00:30:00+00:00,0.5,2,0.23118267452610242,0.022390050835901523,0.0,0,0,0.23416330574540756,0.0029806312193051687,0.023996678045162662,0.0016066272092611408,0
USGS-01650800,d4a0194d99aa4663b9c935003d7ed3f0,"SLIGO CREEK NEAR TAKOMA PARK, MD",2,2024-06-15 00:30:00+00:00,2024-06-22 00:30:00+00:00,1.0,4,0.6154485518754076,0.2524196312787157,0.0,0,0,0.6185140103042579,0.0030838144673455137,0.25721667267429926,0.004797041395583512,0
USGS-01650800,d4a0194d99aa4663b9c935003d7ed3f0,"SLIGO CREEK NEAR TAKOMA PARK, MD",2,2024-06-15 00:30:00+00:00,2024-06-22 00:30:00+00:00,2.0,8,0.8077201520084323,0.6183830137559678,0.24417364107788186,0,0,0.8107986456963694,0.0030111448493163606,0.6237290993894126,0.005292315189707464,0
USGS-01650800,d4a0194d99aa4663b9c935003d7ed3f0,"SLIGO CREEK NEAR TAKOMA PARK, MD",2,2024-06-15 00:30:00+00:00,2024-06-22 00:30:00+00:00,4.0,16,0.9039229472843286,0.8092543781580963,1.3489309712797772,0,0,0.9069939033072039,0.003047866127966481,0.8146343236718554,0.0053568556188502425,0
USGS-01650800,d4a0194d99aa4663b9c935003d7ed3f0,"SLIGO CREEK NEAR TAKOMA PARK, MD",3,2024-06-22 00:45:00+00:00,2024-06-29 00:45:00+00:00,0.5,2,0.3353096186110452,0.045684454087425885,0.0,0,0,0.33828935724098436,0.002979738629939166,0.04750547819364433,0.0018210241062184343,0
USGS-01650800,d4a0194d99aa4663b9c935003d7ed3f0,"SLIGO CREEK NEAR TAKOMA PARK, MD",3,2024-06-22 00:45:00+00:00,2024-06-29 00:45:00+00:00,1.0,4,0.666970712633062,0.2980897125544962,1.653709000704051e-05,0,0,0.6702359279514278,0.0032652153183658217,0.30294210252424086,0.004852389969744686,0
USGS-01650800,d4a0194d99aa4663b9c935003d7ed3f0,"SLIGO CREEK NEAR TAKOMA PARK, MD",3,2024-06-22 00:45:00+00:00,2024-06-29 00:45:00+00:00,2.0,8,0.8335182875829719,0.6441811493305073,0.2752316863574946,0,0,0.8367836199845031,0.003284885290163242,0.6497140736775464,0.005566055630554234,0
USGS-01650800,d4a0194d99aa4663b9c935003d7ed3f0,"SLIGO CREEK NEAR TAKOMA PARK, MD",3,2024-06-22 00:45:00+00:00,2024-06-29 00:45:00+00:00,4.0,16,0.9167609288536422,0.8220923597274099,1.3981625687628405,0,0,0.9200166040357887,0.0032391824000682634,0.8276570244004402,0.005541574778121061,0
