dataset_id,block_start,block_end,n_observations,threshold_mgL,state_lower_bound_mgL,L_kind,L_mgL_per_hour,k_min,k_min_fraction,occupation_lower_hours,occupation_upper_hours,occupation_width_fraction,deficit_lower_mgL_hours,deficit_upper_unconstrained_mgL_hours,deficit_upper_nonnegative_mgL_hours,deficit_width_fraction_unconstrained_H_times_T,deficit_width_fraction_nonnegative_H_times_T,deficit_width_fraction_reduction,feasibility_deleted_indices,deficit_upper_deleted_indices_nonnegative
mddnr_Bishopville_Prong,2018-06-01 00:00:00+00:00,2018-06-02 00:00:00+00:00,97,5.0,0.0,grid_4,4.0,13,0.13402061855670103,24.0,24.0,0.0,62.6657,78.45201875,78.45201875,0.13155265624999993,0.13155265624999993,0.0,"[5, 20, 21, 32, 38, 41, 56, 60, 67, 70, 71, 83, 96]","[5, 19, 21, 32, 38, 40, 56, 60, 67, 69, 71, 83, 96]"
mddnr_Bishopville_Prong,2018-06-01 00:00:00+00:00,2018-06-02 00:00:00+00:00,97,5.0,0.0,grid_8,8.0,0,0.0,23.91,24.0,0.0037499999999999942,61.75958749999995,82.81161250000002,82.69226250000001,0.17543354166666728,0.17443895833333384,0.0009945833333334375,[],[]
mddnr_Bishopville_Prong,2018-06-01 00:00:00+00:00,2018-06-02 00:00:00+00:00,97,5.0,0.0,calibration_q999,13.203959999999936,0,0.0,23.57838936197929,24.0,0.01756710991752956,53.48874377783455,91.19528977839971,90.40904623927962,0.31422121667137637,0.3076691871787089,0.006552029492667477,[],[]
mddnr_Bishopville_Prong,2018-06-01 00:00:00+00:00,2018-06-02 00:00:00+00:00,97,5.0,0.0,grid_16,16.0,0,0.0,23.292500000000004,24.0,0.0294791666666665,49.29926562500001,95.54455625000003,93.9845921875,0.3853774218750001,0.3723777213541666,0.012999700520833546,[],[]
mddnr_Bishopville_Prong,2018-06-01 00:00:00+00:00,2018-06-02 00:00:00+00:00,97,5.0,0.0,calibration_max,25.519999999999996,0,0.0,21.088166144200645,24.0,0.12132641065830645,36.16837284482758,110.09797413793106,102.56704251567399,0.6160800107758623,0.5533222472570534,0.0627577635188089,[],[]
mddnr_Bishopville_Prong,2018-06-01 00:00:00+00:00,2018-06-02 00:00:00+00:00,97,5.0,0.0,grid_32,32.0,0,0.0,17.894999999999992,24.0,0.2543750000000003,29.306946874999994,119.91102812499993,106.01414062500001,0.7550340104166662,0.6392266145833335,0.11580739583333266,[],[]
mddnr_Bishopville_Prong,2018-06-01 00:00:00+00:00,2018-06-02 00:00:00+00:00,97,5.0,0.0,grid_64,64.0,0,0.0,9.03468750000001,24.0,0.6235546874999996,14.668392187500027,168.09426406250012,113.00504531250002,1.2785489322916674,0.8194721093749998,0.4590768229166676,[],[]
mddnr_Camp_Tockwogh,2017-06-01 00:00:14+00:00,2017-06-02 00:00:13+00:00,97,5.0,0.0,grid_4,4.0,0,0.0,0.0,0.0,0.0,0.0,0.0,0.0,0.0,0.0,0.0,[],[]
mddnr_Camp_Tockwogh,2017-06-01 00:00:14+00:00,2017-06-02 00:00:13+00:00,97,5.0,0.0,grid_8,8.0,0,0.0,0.0,0.0,0.0,0.0,0.0,0.0,0.0,0.0,0.0,[],[]
mddnr_Camp_Tockwogh,2017-06-01 00:00:14+00:00,2017-06-02 00:00:13+00:00,97,5.0,0.0,calibration_q999,13.203959999999936,0,0.0,0.0,0.0,0.0,0.0,0.0,0.0,0.0,0.0,0.0,[],[]
mddnr_Camp_Tockwogh,2017-06-01 00:00:14+00:00,2017-06-02 00:00:13+00:00,97,5.0,0.0,grid_16,16.0,0,0.0,0.0,0.0,0.0,0.0,0.0,0.0,0.0,0.0,0.0,[],[]
mddnr_Camp_Tockwogh,2017-06-01 00:00:14+00:00,2017-06-02 00:00:13+00:00,97,5.0,0.0,calibration_max,25.519999999999996,0,0.0,0.0,0.12382445141065804,0.005159411857525769,0.0,0.011951576696079552,0.011951576696079552,9.959762521762148e-05,9.959762521762148e-05,0.0,[],[]
mddnr_Camp_Tockwogh,2017-06-01 00:00:14+00:00,2017-06-02 00:00:13+00:00,97,5.0,0.0,grid_32,32.0,0,0.0,0.0,1.8972222222222352,0.07905184087778848,0.0,0.5563422646604992,0.5563422646604992,0.004636239199013408,0.004636239199013408,0.0,[],[]
mddnr_Camp_Tockwogh,2017-06-01 00:00:14+00:00,2017-06-02 00:00:13+00:00,97,5.0,0.0,grid_64,64.0,0,0.0,0.0,12.293315972222203,0.5122274274007793,0.0,25.7291019531249,25.729015933641875,0.21441166455919547,0.21441094772187352,7.16837321945718e-07,[],[]
mddnr_Greys_Creek,2018-06-01 00:00:00+00:00,2018-06-02 00:00:00+00:00,97,5.0,0.0,grid_4,4.0,19,0.1958762886597938,0.0,0.055000000000000604,0.002291666666666692,0.0,0.0030250000000000667,0.0030250000000000667,2.520833333333389e-05,2.520833333333389e-05,0.0,"[5, 52, 53, 56, 62, 63, 64, 65, 66, 67, 69, 70, 71, 73, 78, 81, 88, 93, 94]","[5, 52, 53, 56, 62, 63, 64, 65, 66, 67, 69, 70, 71, 73, 78, 81, 88, 93, 94]"
mddnr_Greys_Creek,2018-06-01 00:00:00+00:00,2018-06-02 00:00:00+00:00,97,5.0,0.0,grid_8,8.0,7,0.07216494845360824,0.0,0.03125000000000089,0.0013020833333333703,0.0,0.0011031250000000051,0.0011031250000000051,9.192708333333377e-06,9.192708333333377e-06,0.0,"[63, 64, 65, 72, 73, 78, 94]","[63, 64, 65, 72, 73, 78, 94]"
mddnr_Greys_Creek,2018-06-01 00:00:00+00:00,2018-06-02 00:00:00+00:00,97,5.0,0.0,calibration_q999,13.203959999999936,3,0.030927835051546393,0.0,1.0947283996619035,0.04561368331924598,0.0,0.24264493194654901,0.24264493194654901,0.002022041099554575,0.002022041099554575,0.0,"[64, 65, 72]","[64, 65, 72]"
mddnr_Greys_Creek,2018-06-01 00:00:00+00:00,2018-06-02 00:00:00+00:00,97,5.0,0.0,grid_16,16.0,1,0.010309278350515464,0.0,2.125624999999996,0.08856770833333316,0.0,0.7241734374999984,0.7241734374999984,0.00603477864583332,0.00603477864583332,0.0,[64],[64]
mddnr_Greys_Creek,2018-06-01 00:00:00+00:00,2018-06-02 00:00:00+00:00,97,5.0,0.0,calibration_max,25.519999999999996,0,0.0,0.0,4.789968652037624,0.19958202716823434,0.0,3.887431426332288,3.887431426332288,0.0323952618861024,0.0323952618861024,0.0,[],[]
mddnr_Greys_Creek,2018-06-01 00:00:00+00:00,2018-06-02 00:00:00+00:00,97,5.0,0.0,grid_32,32.0,0,0.0,0.0,6.859375000000002,0.28580729166666674,0.0,7.350940624999996,7.350940624999996,0.06125783854166664,0.06125783854166664,0.0,[],[]
mddnr_Greys_Creek,2018-06-01 00:00:00+00:00,2018-06-02 00:00:00+00:00,97,5.0,0.0,grid_64,64.0,0,0.0,0.0,13.83328125000001,0.5763867187500004,0.0,37.44262304687504,36.22717773437504,0.31202185872395866,0.30189314778645865,0.010128710937500007,[],[]
mddnr_Harris_Creek_Upstream,2018-06-01 00:00:00+00:00,2018-06-02 00:00:00+00:00,97,5.0,0.0,grid_4,4.0,0,0.0,0.0,0.36749999999999816,0.015312499999999923,0.0,0.028493750000000182,0.028493750000000182,0.0002374479166666682,0.0002374479166666682,0.0,[],[]
mddnr_Harris_Creek_Upstream,2018-06-01 00:00:00+00:00,2018-06-02 00:00:00+00:00,97,5.0,0.0,grid_8,8.0,0,0.0,0.0,2.524999999999996,0.10520833333333317,0.0,0.5628812499999973,0.5628812499999973,0.0046906770833333115,0.0046906770833333115,0.0,[],[]
mddnr_Harris_Creek_Upstream,2018-06-01 00:00:00+00:00,2018-06-02 00:00:00+00:00,97,5.0,0.0,calibration_q999,13.203959999999936,0,0.0,0.0,7.91998309598022,0.3299992956658425,0.0,3.149094561188404,3.149094561188404,0.026242454676570034,0.026242454676570034,0.0,[],[]
mddnr_Harris_Creek_Upstream,2018-06-01 00:00:00+00:00,2018-06-02 00:00:00+00:00,97,5.0,0.0,grid_16,16.0,0,0.0,0.0,10.395000000000003,0.43312500000000015,0.0,5.550281250000008,5.550281250000008,0.04625234375000007,0.04625234375000007,0.0,[],[]
mddnr_Harris_Creek_Upstream,2018-06-01 00:00:00+00:00,2018-06-02 00:00:00+00:00,97,5.0,0.0,calibration_max,25.519999999999996,0,0.0,0.0,15.451018808777434,0.6437924503657264,0.0,16.540067594043904,16.540067594043904,0.13783389661703255,0.13783389661703255,0.0,[],[]
mddnr_Harris_Creek_Upstream,2018-06-01 00:00:00+00:00,2018-06-02 00:00:00+00:00,97,5.0,0.0,grid_32,32.0,0,0.0,0.0,17.18218749999999,0.7159244791666662,0.0,25.139975781249966,25.139975781249966,0.20949979817708306,0.20949979817708306,0.0,[],[]
mddnr_Harris_Creek_Upstream,2018-06-01 00:00:00+00:00,2018-06-02 00:00:00+00:00,97,5.0,0.0,grid_64,64.0,0,0.0,0.0,20.591093750000006,0.8579622395833336,0.0,70.93436289062501,65.45546875000004,0.5911196907552084,0.5454622395833336,0.04565745117187481,[],[]
